{
  "project_info": {
    "project_number": "1069703356044",
    "firebase_url": "https://fblfirebaseproject-7b55f.firebaseio.com",
    "project_id": "fblfirebaseproject-7b55f",
    "storage_bucket": "fblfirebaseproject-7b55f.appspot.com"
  },
  "client": [
    {
      "client_info": {
        "mobilesdk_app_id": "1:1069703356044:android:be589bd7a85b9b7feb25a9",
        "android_client_info": {
          "package_name": "com.example.fbl"
        }
      },
      "oauth_client": [
        {
          "client_id": "1069703356044-mbam39kpbdb9i6kfm3lp1q2bsqor6smq.apps.googleusercontent.com",
          "client_type": 1,
          "android_info": {
            "package_name": "com.example.fbl",
            "certificate_hash": "1d648b0410ae177107ac63704143e6fffe494c93"
          }
        },
        {
          "client_id": "1069703356044-d42cfo9kiu06vgjb89rnciov0l3fd814.apps.googleusercontent.com",
          "client_type": 3
        }
      ],
      "api_key": [
        {
          "current_key": "AIzaSyDzeTVNybfs50hNvDRfML18YmtLIvR23AY"
        }
      ],
      "services": {
        "appinvite_service": {
          "other_platform_oauth_client": [
            {
              "client_id": "1069703356044-d42cfo9kiu06vgjb89rnciov0l3fd814.apps.googleusercontent.com",
              "client_type": 3
            }
          ]
        }
      }
    }
  ],
  "configuration_version": "1"
}